{
  "T_optimal": 2.3439246932256594,
  "val_eval": {
    "before": {
      "nll": 0.6995843902099452,
      "brier": 0.25266934283573617,
      "ece": 0.19340245727705105
    },
    "after": {
      "nll": 0.6824040365523252,
      "brier": 0.24469582132249357,
      "ece": 0.15155109434396385
    }
  }
}