{
  "T_optimal": 0.7133359361972206,
  "val_eval": {
    "before": {
      "nll": 0.6619446848138865,
      "brier": 0.23482187292783227,
      "ece": 0.13973314257735936
    },
    "after": {
      "nll": 0.6603911554351116,
      "brier": 0.23447449237092444,
      "ece": 0.06878759891876253
    }
  }
}