{
  "T_global": 0.7133359361972206,
  "nll_before": 0.6578911986921206,
  "nll_after": 0.6548519185117175
}