{
  "T_global": 2.3439246932256594,
  "T_per_class": {
    "person": 0.6333301506066314,
    "rider": 2.3439246932256594,
    "car": 10.0,
    "truck": 0.49590455034200465,
    "bus": 0.2748119605528387,
    "train": 2.3439246932256594,
    "motorcycle": 0.30353600488983495,
    "bicycle": 0.36867898642265606,
    "traffic light": 0.6262625127291527,
    "traffic sign": 10.0
  }
}