{
  "T_global": 0.7133359361972206,
  "T_per_class": {
    "person": 2.199546578122832,
    "rider": 0.7133359361972206,
    "car": 0.19307536628587638,
    "truck": 10.0,
    "bus": 10.0,
    "train": 0.7133359361972206,
    "motorcycle": 10.0,
    "bicycle": 10.0,
    "traffic light": 10.0,
    "traffic sign": 0.38502482573186575
  }
}