{
  "T_global": 2.3439246932256594,
  "nll_before": 0.7004158847639373,
  "nll_after": 0.6829177275602598
}