{
  "baseline_time_seconds": 0.357775880408287,
  "baseline_fps": 2.795045878606515,
  "mc_dropout_time_seconds": 1.7888794020414351,
  "mc_dropout_fps": 0.5590091757213029,
  "overhead_factor": 5.0,
  "overhead_percent": 400.0,
  "K": 5
}