{
  "mAP": 0.014662982830977993,
  "mAP@50": 0.022380389586477763,
  "mAP@75": 0.015149845421885586,
  "mAP_small": 0.009156086420663042,
  "mAP_medium": 0.015323176380527116,
  "mAP_large": 0.025964906231644026
}