{
  "mAP": 0.015015311437956556,
  "mAP@50": 0.022873116844775884,
  "mAP@75": 0.015642661946184837,
  "mAP_small": 0.008398392865767556,
  "mAP_medium": 0.01601169239275287,
  "mAP_large": 0.02609822650893446
}