{
  "mAP": 0.18136450734556642,
  "mAP@50": 0.3026119450772008,
  "mAP@75": 0.1790842371939621,
  "mAP_small": 0.07147965273736315,
  "mAP_medium": 0.19672357752566103,
  "mAP_large": 0.38444477642578534
}