{
  "auroc_uncertainty": 0.634198341679665,
  "num_tp": 937,
  "num_fp": 650,
  "uncertainty_tp_mean": 5.6947982927750344e-05,
  "uncertainty_fp_mean": 0.0001273303798674109
}