{
  "auroc_uncertainty": 0.632491563276381,
  "num_tp": 17593,
  "num_fp": 12321,
  "uncertainty_tp_mean": 6.0870291980836995e-05,
  "uncertainty_fp_mean": 0.00012682566523604304
}