{
  "mAP": 0.1704813675236083,
  "AP50": 0.2785354731128005,
  "AP75": 0.17054177911824953,
  "AP_small": 0.06326777795360804,
  "AP_medium": 0.182117704300831,
  "AP_large": 0.3770055334283329,
  "AR_max1": 0.18781069526674138,
  "AR_max10": 0.2842332387016192,
  "AR_max100": 0.2849732747592357,
  "AR_small": 0.10708726444951602,
  "AR_medium": 0.2718571998754682,
  "AR_large": 0.5402809725502754,
  "per_class": {
    "person": {
      "mAP": 0.0,
      "AP50": 0.0,
      "AP75": 0.0
    },
    "rider": {
      "mAP": 0.0,
      "AP50": 0.0,
      "AP75": 0.0
    },
    "car": {
      "mAP": 0.0,
      "AP50": 0.0,
      "AP75": 0.0
    },
    "truck": {
      "mAP": 0.0,
      "AP50": 0.0,
      "AP75": 0.0
    },
    "bus": {
      "mAP": 0.0,
      "AP50": 0.0,
      "AP75": 0.0
    },
    "train": {
      "mAP": 0.0,
      "AP50": 0.0,
      "AP75": 0.0
    },
    "motorcycle": {
      "mAP": 0.0,
      "AP50": 0.0,
      "AP75": 0.0
    },
    "bicycle": {
      "mAP": 0.0,
      "AP50": 0.0,
      "AP75": 0.0
    },
    "traffic light": {
      "mAP": 0.0,
      "AP50": 0.0,
      "AP75": 0.0
    },
    "traffic sign": {
      "mAP": 0.0,
      "AP50": 0.0,
      "AP75": 0.0
    }
  }
}