layer,tp_variance,fp_variance,separation
1,0.0,0.0,0.0
2,0.0007987885345445934,0.0007860683624472152,-1.272017209737826e-05
3,0.0005857536915848862,0.0006151084992105223,2.9354807625636063e-05
4,0.0010485415371500417,0.0009917626081150284,-5.6778929035013366e-05
5,0.0014120151170931242,0.0012148228908885354,-0.0001971922262045888
6,0.0014439801904720384,0.0012158135111264437,-0.00022816667934559467
