{
  "stage1_no_calibration": {
    "ece": 0.2003516870579267,
    "laece": 0.5188715543210654,
    "aurc": 0.25378322642929196
  },
  "stage2_temperature_scaling": {
    "ece": 0.2003516870579267,
    "laece": 0.5188715543210654,
    "aurc": 0.25378322642929196,
    "temperature": 1.0
  },
  "stage3_iou_mapping": {
    "ece": 0.3535775812784502,
    "laece": 0.5645853274404103,
    "aurc": 0.1114422048711096,
    "alpha": 0.5
  },
  "stage4_uncertainty_fusion": {
    "ece": 0.3537141516874671,
    "laece": 0.5651243966555278,
    "aurc": 0.11142746794614193,
    "beta": 0.3
  }
}