{
  "stage1_no_calibration": {
    "ece": 0.2003516870579267,
    "laece": 0.5188715543210654,
    "aurc": 0.25378322642929196
  },
  "stage2_temperature_scaling": {
    "ece": 0.15273002059592244,
    "laece": 0.4756336056920174,
    "aurc": 0.25378322642929196,
    "temperature": 2.3439246932256594
  },
  "stage3_iou_mapping": {
    "ece": 0.16725258255896486,
    "laece": 0.5175773561129173,
    "aurc": 0.41480820674835334,
    "alpha": 0.5,
    "note": "IoU mapping applied only to TPs"
  },
  "stage4_uncertainty_fusion": {
    "ece": 0.16812633577864983,
    "laece": 0.5181558941700416,
    "aurc": 0.4122170204315935,
    "beta": 0.3
  }
}