Domain,Baseline ECE,Full Fusion ECE
Day,0.2003516870579267,0.3537141516874671
