{
  "baseline": [
    0.4381554126739502,
    0.4104926586151123,
    0.4028184413909912,
    0.3994791507720947,
    0.4189949035644531,
    0.47231411933898926,
    0.4151298999786377,
    0.433788537979126,
    0.37636375427246094,
    0.39198732376098633,
    0.42493677139282227,
    0.4153745174407959,
    0.40696001052856445,
    0.42115044593811035,
    0.4199237823486328,
    0.43555426597595215,
    0.42710041999816895,
    0.4173300266265869,
    0.4259955883026123,
    0.407728910446167,
    0.41407132148742676,
    0.418102502822876,
    0.4265589714050293,
    0.4016754627227783,
    0.42488765716552734,
    0.44030094146728516,
    0.4345703125,
    0.4437296390533447,
    0.38585972785949707,
    0.3731245994567871,
    0.3830220699310303,
    0.38574910163879395,
    0.3988375663757324,
    0.4521820545196533,
    0.422868013381958,
    0.41052889823913574,
    0.41248202323913574,
    0.3881547451019287,
    0.38237500190734863,
    0.400376558303833,
    0.3917224407196045,
    0.4040100574493408,
    0.38891172409057617,
    0.41171765327453613,
    0.409043550491333,
    0.41120266914367676,
    0.40201830863952637,
    0.3906056880950928,
    0.41876888275146484,
    0.4261627197265625
  ],
  "mc_dropout": [
    2.020467519760132,
    1.9816064834594727,
    2.017428159713745,
    1.962172508239746,
    2.001849412918091,
    1.9701893329620361,
    2.011667013168335,
    1.9923474788665771,
    2.0304341316223145,
    2.0368268489837646,
    2.0046215057373047,
    1.987372636795044,
    1.9475607872009277,
    1.9868428707122803,
    1.9983973503112793,
    1.935938835144043,
    1.917583703994751,
    1.9746391773223877,
    1.9925072193145752,
    2.0976738929748535,
    2.0246970653533936,
    1.9738049507141113,
    1.9038093090057373,
    2.0318498611450195,
    2.0219192504882812,
    1.9975519180297852,
    1.9835000038146973,
    1.944244146347046,
    1.9449877738952637,
    2.059504747390747,
    2.0205230712890625,
    1.9446663856506348,
    1.9136862754821777,
    1.9613182544708252,
    1.9629957675933838,
    2.0211434364318848,
    2.004870653152466,
    2.0556790828704834,
    2.024770736694336,
    1.9546425342559814,
    1.9615473747253418,
    1.9649405479431152,
    1.978095293045044,
    1.9939603805541992,
    1.935762643814087,
    1.9483213424682617,
    1.926703929901123,
    1.960970401763916,
    2.0034096240997314,
    2.0227887630462646
  ],
  "decoder_variance": [
    0.41884326934814453,
    0.4091978073120117,
    0.3985590934753418,
    0.4131321907043457,
    0.4253356456756592,
    0.4380817413330078,
    0.3801712989807129,
    0.388746976852417,
    0.39462757110595703,
    0.4222273826599121,
    0.39878320693969727,
    0.4285256862640381,
    0.43056511878967285,
    0.4110145568847656,
    0.387709379196167,
    0.3825371265411377,
    0.40088820457458496,
    0.4038867950439453,
    0.39911437034606934,
    0.41240882873535156,
    0.4168546199798584,
    0.40332746505737305,
    0.3834669589996338,
    0.4227461814880371,
    0.42568063735961914,
    0.38561439514160156,
    0.412524938583374,
    0.4052090644836426,
    0.3805806636810303,
    0.3900926113128662,
    0.41887879371643066,
    0.43770432472229004,
    0.4030888080596924,
    0.4103713035583496,
    0.3966529369354248,
    0.39229774475097656,
    0.40149712562561035,
    0.3998575210571289,
    0.41081690788269043,
    0.4002978801727295,
    0.39293980598449707,
    0.378528356552124,
    0.3831746578216553,
    0.4101297855377197,
    0.40003418922424316,
    0.4166710376739502,
    0.4056570529937744,
    0.4103538990020752,
    0.40584540367126465,
    0.43833208084106445
  ]
}