{
  "baseline": [
    0.28081607818603516,
    0.2735562324523926,
    0.264052152633667,
    0.2785482406616211,
    0.2709028720855713,
    0.2695178985595703,
    0.2699282169342041,
    0.26500606536865234,
    0.2681765556335449,
    0.2852165699005127,
    0.27902960777282715,
    0.2855064868927002,
    0.27921462059020996,
    0.2643733024597168,
    0.27676868438720703,
    0.2772500514984131,
    0.266620397567749,
    0.2775843143463135,
    0.26912498474121094,
    0.29198455810546875,
    0.2638239860534668,
    0.2764933109283447,
    0.26348090171813965,
    0.2711827754974365,
    0.27700304985046387,
    0.2949204444885254,
    0.2690696716308594,
    0.2679288387298584,
    0.2728703022003174,
    0.267484188079834,
    0.284635066986084,
    0.2865138053894043,
    0.28778839111328125,
    0.2821044921875,
    0.2841517925262451,
    0.30204129219055176,
    0.26704955101013184,
    0.2888505458831787,
    0.27828001976013184,
    0.27854371070861816,
    0.26598048210144043,
    0.280381441116333,
    0.2960019111633301,
    0.28235578536987305,
    0.2766706943511963,
    0.27176332473754883,
    0.2771573066711426,
    0.2735013961791992,
    0.28059935569763184,
    0.2795569896697998
  ],
  "mc_dropout": [
    1.426828384399414,
    1.4220855236053467,
    1.3888959884643555,
    1.3745269775390625,
    1.3803236484527588,
    1.3967704772949219,
    1.4087903499603271,
    1.440917730331421,
    1.41810941696167,
    1.381462812423706,
    1.359062910079956,
    1.3649811744689941,
    1.4049100875854492,
    1.4441959857940674,
    1.3839747905731201,
    1.3781285285949707,
    1.4210593700408936,
    1.3896734714508057,
    1.3839194774627686,
    1.3800621032714844,
    1.388427734375,
    1.3878414630889893,
    1.4020886421203613,
    1.3954308032989502,
    1.3901400566101074,
    1.3575105667114258,
    1.4059984683990479,
    1.3968136310577393,
    1.3948290348052979,
    1.3962211608886719,
    1.4299583435058594,
    1.3686833381652832,
    1.3852837085723877,
    1.3931777477264404,
    1.3798625469207764,
    1.3831267356872559,
    1.3932006359100342,
    1.3729925155639648,
    1.4115991592407227,
    1.38539457321167,
    1.3781979084014893,
    1.4141864776611328,
    1.4102115631103516,
    1.4276633262634277,
    1.4140069484710693,
    1.4091017246246338,
    1.379671335220337,
    1.422379493713379,
    1.3885343074798584,
    1.4186756610870361
  ],
  "decoder_variance": [
    0.2630293369293213,
    0.27074551582336426,
    0.2719612121582031,
    0.2705526351928711,
    0.27243757247924805,
    0.2663910388946533,
    0.27810144424438477,
    0.2627909183502197,
    0.2742311954498291,
    0.273425817489624,
    0.2780578136444092,
    0.2779660224914551,
    0.26561617851257324,
    0.26752471923828125,
    0.27023887634277344,
    0.27002906799316406,
    0.2656996250152588,
    0.27712225914001465,
    0.26487040519714355,
    0.2686467170715332,
    0.2729465961456299,
    0.2802417278289795,
    0.272083044052124,
    0.26509881019592285,
    0.2721126079559326,
    0.26540470123291016,
    0.2679939270019531,
    0.2699754238128662,
    0.2650582790374756,
    0.26512646675109863,
    0.26836371421813965,
    0.26558804512023926,
    0.25980377197265625,
    0.29335618019104004,
    0.2693774700164795,
    0.269517183303833,
    0.2704734802246094,
    0.273303747177124,
    0.26445937156677246,
    0.26344799995422363,
    0.265927791595459,
    0.2670445442199707,
    0.2627067565917969,
    0.2613980770111084,
    0.26550865173339844,
    0.26795172691345215,
    0.267855167388916,
    0.2786414623260498,
    0.2673015594482422,
    0.2648007869720459
  ]
}