{
  "baseline": [
    0.2626323699951172,
    0.2661740779876709,
    0.2706944942474365,
    0.2737569808959961,
    0.27015209197998047,
    0.2622652053833008,
    0.2814755439758301,
    0.26981592178344727,
    0.27900171279907227,
    0.2750544548034668,
    0.26230359077453613,
    0.2692410945892334,
    0.27631497383117676,
    0.2759437561035156,
    0.2708437442779541,
    0.2818140983581543,
    0.2699406147003174,
    0.2668929100036621,
    0.28102636337280273,
    0.278362512588501,
    0.2771494388580322,
    0.27706241607666016,
    0.26568126678466797,
    0.2749636173248291,
    0.2750239372253418,
    0.2625234127044678,
    0.26770448684692383,
    0.26311397552490234,
    0.28661537170410156,
    0.2785508632659912,
    0.28133106231689453,
    0.288316011428833,
    0.274458646774292,
    0.2659878730773926,
    0.27744269371032715,
    0.27891016006469727,
    0.27242302894592285,
    0.27872204780578613,
    0.2767295837402344,
    0.2829625606536865,
    0.2863342761993408,
    0.2603180408477783,
    0.26979899406433105,
    0.2724192142486572,
    0.26749086380004883,
    0.2628207206726074,
    0.2648587226867676,
    0.26059746742248535,
    0.2619788646697998,
    0.2714245319366455
  ],
  "mc_dropout": [
    1.3884186744689941,
    1.3871402740478516,
    1.3909027576446533,
    1.3834638595581055,
    1.3845586776733398,
    1.4174797534942627,
    1.4026930332183838,
    1.3696238994598389,
    1.3593525886535645,
    1.370495080947876,
    1.3880903720855713,
    1.3837804794311523,
    1.425116777420044,
    1.3877167701721191,
    1.374582290649414,
    1.4245753288269043,
    1.3991351127624512,
    1.3640220165252686,
    1.3885488510131836,
    1.3777520656585693,
    1.4361886978149414,
    1.3910772800445557,
    1.4116740226745605,
    1.3962271213531494,
    1.3735711574554443,
    1.4132466316223145,
    1.4017188549041748,
    1.4259514808654785,
    1.3833177089691162,
    1.4025466442108154,
    1.4186995029449463,
    1.399501085281372,
    1.4446828365325928,
    1.4373266696929932,
    1.3952579498291016,
    1.442805528640747,
    1.434793472290039,
    1.4253783226013184,
    1.3862030506134033,
    1.4048571586608887,
    1.4411258697509766,
    1.4443371295928955,
    1.4538624286651611,
    1.4043986797332764,
    1.4077973365783691,
    1.4114322662353516,
    1.4550976753234863,
    1.4089765548706055,
    1.4470641613006592,
    1.3987493515014648
  ],
  "decoder_variance": [
    0.2813072204589844,
    0.28109312057495117,
    0.3116188049316406,
    0.2994823455810547,
    0.29675722122192383,
    0.29968786239624023,
    0.2861638069152832,
    0.2961866855621338,
    0.29569196701049805,
    0.2958531379699707,
    0.3012378215789795,
    0.2934534549713135,
    0.2877345085144043,
    0.2833852767944336,
    0.27724528312683105,
    0.2827298641204834,
    0.2693953514099121,
    0.2777285575866699,
    0.27569580078125,
    0.2675788402557373,
    0.27275753021240234,
    0.2667660713195801,
    0.27959251403808594,
    0.2781658172607422,
    0.2807471752166748,
    0.2726421356201172,
    0.2769026756286621,
    0.28351306915283203,
    0.2734801769256592,
    0.2851989269256592,
    0.27715563774108887,
    0.28539514541625977,
    0.2752101421356201,
    0.2753746509552002,
    0.2697107791900635,
    0.2790944576263428,
    0.27989864349365234,
    0.2717092037200928,
    0.2739682197570801,
    0.27373337745666504,
    0.2735283374786377,
    0.2844054698944092,
    0.2840874195098877,
    0.2843320369720459,
    0.2736551761627197,
    0.2746000289916992,
    0.27890515327453613,
    0.27153635025024414,
    0.2761251926422119,
    0.28418970108032227
  ]
}