{
  "baseline": [
    0.4434785842895508,
    0.45910191535949707,
    0.46291422843933105,
    0.446530818939209,
    0.46033358573913574,
    0.45293712615966797,
    0.42658329010009766,
    0.41619277000427246,
    0.412752628326416,
    0.41625475883483887,
    0.41628360748291016,
    0.443026065826416,
    0.4426243305206299,
    0.4814126491546631,
    0.4604053497314453,
    0.44133448600769043,
    0.4431138038635254,
    0.4649927616119385,
    0.4336411952972412,
    0.39673852920532227,
    0.3986022472381592,
    0.4051058292388916,
    0.4146084785461426,
    0.41265010833740234,
    0.42453670501708984,
    0.39832162857055664,
    0.4060089588165283,
    0.4078831672668457,
    0.4159739017486572,
    0.40157079696655273,
    0.4100360870361328,
    0.4108152389526367,
    0.38425111770629883,
    0.3999943733215332,
    0.44548702239990234,
    0.39546751976013184,
    0.4037306308746338,
    0.40825414657592773,
    0.4136500358581543,
    0.42365145683288574,
    0.4407234191894531,
    0.37720704078674316,
    0.3984215259552002,
    0.3876357078552246,
    0.3937690258026123,
    0.42478322982788086,
    0.40180158615112305,
    0.382580041885376,
    0.4060795307159424,
    0.4882223606109619
  ],
  "mc_dropout": [
    1.9829246997833252,
    1.9930429458618164,
    2.048600435256958,
    2.017322301864624,
    2.073967218399048,
    2.0193400382995605,
    2.09293532371521,
    2.053973913192749,
    2.0010159015655518,
    2.0702953338623047,
    2.0413036346435547,
    2.027343273162842,
    2.0415618419647217,
    2.1295409202575684,
    2.0514843463897705,
    2.0209288597106934,
    2.0105957984924316,
    2.0181825160980225,
    2.0116984844207764,
    2.069575309753418,
    1.995537281036377,
    2.0384104251861572,
    2.067408561706543,
    2.045727014541626,
    2.0007946491241455,
    2.1412343978881836,
    2.0089550018310547,
    2.0330474376678467,
    1.9960463047027588,
    1.9575767517089844,
    2.0503177642822266,
    2.0721595287323,
    2.0214791297912598,
    2.0769457817077637,
    1.943246841430664,
    2.015122652053833,
    2.011324167251587,
    2.0436418056488037,
    2.016361951828003,
    1.9942684173583984,
    1.9585108757019043,
    1.934539794921875,
    2.0837864875793457,
    2.018226146697998,
    1.9839353561401367,
    1.9524052143096924,
    1.907041072845459,
    2.0598416328430176,
    2.0221073627471924,
    2.0295801162719727
  ],
  "decoder_variance": [
    0.4183671474456787,
    0.41979074478149414,
    0.4036071300506592,
    0.38580322265625,
    0.4131889343261719,
    0.4041886329650879,
    0.40436601638793945,
    0.42339181900024414,
    0.41881537437438965,
    0.41545605659484863,
    0.40288734436035156,
    0.40659523010253906,
    0.40268611907958984,
    0.42145586013793945,
    0.41174888610839844,
    0.38204503059387207,
    0.3800778388977051,
    0.3822963237762451,
    0.4094247817993164,
    0.42925047874450684,
    0.39840102195739746,
    0.4127490520477295,
    0.3864748477935791,
    0.3952202796936035,
    0.387401819229126,
    0.39961767196655273,
    0.4045720100402832,
    0.4093151092529297,
    0.40937089920043945,
    0.3889946937561035,
    0.38237905502319336,
    0.394085168838501,
    0.41002464294433594,
    0.4111053943634033,
    0.3976004123687744,
    0.39004969596862793,
    0.40431642532348633,
    0.44098973274230957,
    0.396679162979126,
    0.42125654220581055,
    0.4353816509246826,
    0.3937978744506836,
    0.39948463439941406,
    0.38374853134155273,
    0.38358378410339355,
    0.37312936782836914,
    0.4010927677154541,
    0.3994734287261963,
    0.43374085426330566,
    0.41611170768737793
  ]
}