{
  "baseline": [
    0.30840635299682617,
    0.2970876693725586,
    0.28313469886779785,
    0.28142333030700684,
    0.27921485900878906,
    0.2873358726501465,
    0.27468132972717285,
    0.274777889251709,
    0.2825500965118408,
    0.29201221466064453,
    0.2732882499694824,
    0.28928065299987793,
    0.30092334747314453,
    0.28263330459594727,
    0.2773275375366211,
    0.2714729309082031,
    0.26951050758361816,
    0.2655980587005615,
    0.2787599563598633,
    0.28206849098205566,
    0.27950358390808105,
    0.27809596061706543,
    0.2757604122161865,
    0.2773315906524658,
    0.28699350357055664,
    0.26940464973449707,
    0.2707853317260742,
    0.2710146903991699,
    0.26796984672546387,
    0.271639347076416,
    0.27513933181762695,
    0.271381139755249,
    0.2647380828857422,
    0.2768592834472656,
    0.266826868057251,
    0.26960158348083496,
    0.26990652084350586,
    0.26934218406677246,
    0.27375292778015137,
    0.2709178924560547,
    0.26697349548339844,
    0.2957804203033447,
    0.27768945693969727,
    0.2801399230957031,
    0.27230072021484375,
    0.27867698669433594,
    0.270139217376709,
    0.2847459316253662,
    0.27251315116882324,
    0.2630445957183838
  ],
  "mc_dropout": [
    1.407400369644165,
    1.3644168376922607,
    1.3687121868133545,
    1.354611873626709,
    1.3784735202789307,
    1.3699951171875,
    1.3779785633087158,
    1.3899846076965332,
    1.368379831314087,
    1.420442819595337,
    1.4005963802337646,
    1.4276080131530762,
    1.3913326263427734,
    1.3953263759613037,
    1.4041593074798584,
    1.4203674793243408,
    1.5033786296844482,
    1.4778437614440918,
    1.4477293491363525,
    1.4388928413391113,
    1.4797534942626953,
    1.4169347286224365,
    1.4316205978393555,
    1.4327256679534912,
    1.389486312866211,
    1.4704768657684326,
    1.4278459548950195,
    1.442065954208374,
    1.4161536693572998,
    1.438828945159912,
    1.416297435760498,
    1.4043636322021484,
    1.4242026805877686,
    1.3742656707763672,
    1.4138336181640625,
    1.3842575550079346,
    1.396136999130249,
    1.426269769668579,
    1.3846592903137207,
    1.383474349975586,
    1.3865694999694824,
    1.359128475189209,
    1.449324131011963,
    1.3842973709106445,
    1.374262809753418,
    1.3831708431243896,
    1.4100956916809082,
    1.4656760692596436,
    1.4041175842285156,
    1.4198782444000244
  ],
  "decoder_variance": [
    0.2766244411468506,
    0.27736806869506836,
    0.2779386043548584,
    0.28127574920654297,
    0.2868797779083252,
    0.2776908874511719,
    0.27976512908935547,
    0.26600122451782227,
    0.2824571132659912,
    0.2779707908630371,
    0.2733638286590576,
    0.2733876705169678,
    0.2736084461212158,
    0.2754817008972168,
    0.25777268409729004,
    0.27806711196899414,
    0.27381086349487305,
    0.2795252799987793,
    0.27558302879333496,
    0.26851606369018555,
    0.276655912399292,
    0.2720375061035156,
    0.276989221572876,
    0.2679729461669922,
    0.28728628158569336,
    0.27554869651794434,
    0.2818944454193115,
    0.2776939868927002,
    0.28351879119873047,
    0.2742164134979248,
    0.27936625480651855,
    0.2761087417602539,
    0.2836451530456543,
    0.2780425548553467,
    0.28461146354675293,
    0.26555538177490234,
    0.2833902835845947,
    0.2785987854003906,
    0.2975940704345703,
    0.29531168937683105,
    0.27910757064819336,
    0.2946035861968994,
    0.2690551280975342,
    0.2910456657409668,
    0.27478504180908203,
    0.2893993854522705,
    0.3007047176361084,
    0.2765483856201172,
    0.2846379280090332,
    0.2824838161468506
  ]
}