{
  "baseline": [
    0.2749061584472656,
    0.2763369083404541,
    0.27832937240600586,
    0.3055846691131592,
    0.2702667713165283,
    0.28424572944641113,
    0.2672395706176758,
    0.2558588981628418,
    0.2797272205352783,
    0.2594928741455078,
    0.27524471282958984,
    0.2671234607696533,
    0.28990697860717773,
    0.2572808265686035,
    0.2682623863220215,
    0.280750036239624,
    0.28761792182922363,
    0.26836681365966797,
    0.27800655364990234,
    0.2765810489654541,
    0.2600858211517334,
    0.26496195793151855,
    0.2654998302459717,
    0.2665278911590576,
    0.26978540420532227,
    0.2646346092224121,
    0.2668166160583496,
    0.2603888511657715,
    0.27503180503845215,
    0.2755241394042969,
    0.2841935157775879,
    0.26743173599243164,
    0.27304840087890625,
    0.2893202304840088,
    0.26639676094055176,
    0.2786550521850586,
    0.2716989517211914,
    0.284102201461792,
    0.3076906204223633,
    0.27143216133117676,
    0.27782392501831055,
    0.27436137199401855,
    0.2833271026611328,
    0.27425622940063477,
    0.2820274829864502,
    0.2785830497741699,
    0.2770514488220215,
    0.28047895431518555,
    0.27422118186950684,
    0.2928159236907959
  ],
  "mc_dropout": [
    1.412714958190918,
    1.4674654006958008,
    1.3861651420593262,
    1.3837790489196777,
    1.4219555854797363,
    1.4347131252288818,
    1.432624340057373,
    1.4391467571258545,
    1.3980379104614258,
    1.4466416835784912,
    1.4050536155700684,
    1.365105152130127,
    1.5589964389801025,
    1.4140384197235107,
    1.386030912399292,
    1.5855958461761475,
    1.4824225902557373,
    1.4199702739715576,
    1.394848108291626,
    1.3969967365264893,
    1.3949434757232666,
    1.3862600326538086,
    1.3753056526184082,
    1.400620460510254,
    1.4229955673217773,
    1.402597427368164,
    1.50022292137146,
    1.4593417644500732,
    1.3906052112579346,
    1.408632516860962,
    1.4352891445159912,
    1.3850629329681396,
    1.457801103591919,
    1.4407463073730469,
    1.4086341857910156,
    1.3976168632507324,
    1.3789186477661133,
    1.396519422531128,
    1.4065196514129639,
    1.48331880569458,
    1.4692485332489014,
    1.3950636386871338,
    1.407691240310669,
    1.4286975860595703,
    1.4401607513427734,
    1.4560468196868896,
    1.464010238647461,
    1.420466661453247,
    1.3729450702667236,
    1.387223243713379
  ],
  "decoder_variance": [
    0.26575708389282227,
    0.27028656005859375,
    0.27115845680236816,
    0.27113962173461914,
    0.2819342613220215,
    0.2728605270385742,
    0.2706286907196045,
    0.2712869644165039,
    0.2763214111328125,
    0.2969040870666504,
    0.30089616775512695,
    0.30718111991882324,
    0.3045623302459717,
    0.3188786506652832,
    0.2949965000152588,
    0.3061025142669678,
    0.28461337089538574,
    0.2949793338775635,
    0.2965047359466553,
    0.30814313888549805,
    0.2894308567047119,
    0.28145503997802734,
    0.28414225578308105,
    0.28012704849243164,
    0.2827436923980713,
    0.27664613723754883,
    0.28359508514404297,
    0.2789332866668701,
    0.2773251533508301,
    0.27371883392333984,
    0.29007840156555176,
    0.2914247512817383,
    0.2789316177368164,
    0.28211331367492676,
    0.279754638671875,
    0.29185986518859863,
    0.2951924800872803,
    0.28397679328918457,
    0.290693998336792,
    0.2871365547180176,
    0.2863008975982666,
    0.28664207458496094,
    0.29703712463378906,
    0.28257298469543457,
    0.2822751998901367,
    0.2880556583404541,
    0.27190613746643066,
    0.2819678783416748,
    0.2832515239715576,
    0.2926490306854248
  ]
}