{
  "baseline": {
    "day": {
      "ece": 0.19840069109903738,
      "n": 13036
    },
    "night": {
      "ece": 0.19751913857425443,
      "n": 9653
    },
    "challenging": {
      "ece": 0.20765629243273223,
      "n": 7225
    }
  },
  "full_fusion": {
    "day": {
      "ece": 0.16807598125558826,
      "n": 13036
    },
    "night": {
      "ece": 0.16290937427459887,
      "n": 9653
    },
    "challenging": {
      "ece": 0.17667146667876513,
      "n": 7225
    }
  }
}