Stage,ECE ↓,LAECE ↓,AURC ↓
No Calibration,0.2003516870579267,0.5188715543210654,0.25378322642929196
+ TS,0.15273002059592244,0.4756336056920174,0.25378322642929196
+ IoU Mapping,0.16725258255896486,0.5175773561129173,0.41480820674835334
+ Uncertainty Fusion,0.16812633577864983,0.5181558941700416,0.4122170204315935
