{
  "baseline": {
    "NLL": 0.7180323010657486,
    "Brier": 0.26184410673319364,
    "ECE": 0.24096997585116434
  },
  "baseline_ts": {
    "NLL": 0.6930136414063585,
    "Brier": 0.2499351310693523,
    "ECE": 0.18683288767421288
  },
  "mc_dropout": {
    "NLL": 0.706870317474696,
    "Brier": 0.2560999103393766,
    "ECE": 0.20342878492021285
  },
  "mc_dropout_ts": {
    "NLL": 1.0070165224429375,
    "Brier": 0.3365118099810276,
    "ECE": 0.34281371471532285
  },
  "decoder_variance": {
    "NLL": 0.709267216935891,
    "Brier": 0.25722080627319543,
    "ECE": 0.20647283115801396
  },
  "decoder_variance_ts": {
    "NLL": 0.6862609652144775,
    "Brier": 0.24659380122227761,
    "ECE": 0.14093455453638645
  }
}