{
  "baseline": {
    "NLL": 0.7162228911243673,
    "Brier": 0.2609820962986027,
    "ECE": 0.23653674207093361
  },
  "baseline_ts": {
    "NLL": 0.6938595209367603,
    "Brier": 0.2503588297898758,
    "ECE": 0.19171823607346597
  },
  "mc_dropout": {
    "NLL": 0.7081269389085267,
    "Brier": 0.2566726367719661,
    "ECE": 0.20346752063675727
  },
  "mc_dropout_ts": {
    "NLL": 0.6858025464298418,
    "Brier": 0.2463640789540964,
    "ECE": 0.1332467762886213
  },
  "decoder_variance": {
    "NLL": 0.7084974662598219,
    "Brier": 0.25684606414856354,
    "ECE": 0.20375093310856598
  },
  "decoder_variance_ts": {
    "NLL": 0.6859252016455301,
    "Brier": 0.24642496359781957,
    "ECE": 0.1334798758237121
  }
}