Method,NLL,Brier,ECE
baseline,0.7180323010657486,0.26184410673319364,0.24096997585116434
baseline_ts,0.6930136414063585,0.2499351310693523,0.18683288767421288
mc_dropout,0.706870317474696,0.2560999103393766,0.20342878492021285
mc_dropout_ts,1.0070165224429375,0.3365118099810276,0.34281371471532285
decoder_variance,0.709267216935891,0.25722080627319543,0.20647283115801396
decoder_variance_ts,0.6862609652144775,0.24659380122227761,0.14093455453638645
