{
  "baseline": {
    "mAP": 0.1704813675236083,
    "AP50": 0.2785354731128005,
    "AP75": 0.17054177911824953,
    "AP_small": 0.06326781089509566,
    "AP_medium": 0.182117704300831,
    "AP_large": 0.3770055334283329,
    "per_class": {
      "person": 0.1704813675236083,
      "rider": 0.1704813675236083,
      "car": 0.1704813675236083,
      "truck": 0.1704813675236083,
      "bus": 0.1704813675236083,
      "train": 0.1704813675236083,
      "motorcycle": 0.1704813675236083,
      "bicycle": 0.1704813675236083,
      "traffic light": 0.1704813675236083,
      "traffic sign": 0.1704813675236083
    }
  },
  "baseline_ts": {
    "mAP": 0.1704813675236083,
    "AP50": 0.2785354731128005,
    "AP75": 0.17054177911824953,
    "AP_small": 0.06326781089509566,
    "AP_medium": 0.182117704300831,
    "AP_large": 0.3770055334283329,
    "per_class": {
      "person": 0.1704813675236083,
      "rider": 0.1704813675236083,
      "car": 0.1704813675236083,
      "truck": 0.1704813675236083,
      "bus": 0.1704813675236083,
      "train": 0.1704813675236083,
      "motorcycle": 0.1704813675236083,
      "bicycle": 0.1704813675236083,
      "traffic light": 0.1704813675236083,
      "traffic sign": 0.1704813675236083
    }
  },
  "mc_dropout": {
    "mAP": 0.18227379198640709,
    "AP50": 0.3023122927954965,
    "AP75": 0.18111298581211757,
    "AP_small": 0.07243709648195502,
    "AP_medium": 0.19857097300485202,
    "AP_large": 0.38227064891878004,
    "per_class": {
      "person": 0.18227379198640709,
      "rider": 0.18227379198640709,
      "car": 0.18227379198640709,
      "truck": 0.18227379198640709,
      "bus": 0.18227379198640709,
      "train": 0.18227379198640709,
      "motorcycle": 0.18227379198640709,
      "bicycle": 0.18227379198640709,
      "traffic light": 0.18227379198640709,
      "traffic sign": 0.18227379198640709
    }
  },
  "mc_dropout_ts": {
    "mAP": 0.18227379198640709,
    "AP50": 0.3023122927954965,
    "AP75": 0.18111298581211757,
    "AP_small": 0.07243709648195502,
    "AP_medium": 0.19857097300485202,
    "AP_large": 0.38227064891878004,
    "per_class": {
      "person": 0.18227379198640709,
      "rider": 0.18227379198640709,
      "car": 0.18227379198640709,
      "truck": 0.18227379198640709,
      "bus": 0.18227379198640709,
      "train": 0.18227379198640709,
      "motorcycle": 0.18227379198640709,
      "bicycle": 0.18227379198640709,
      "traffic light": 0.18227379198640709,
      "traffic sign": 0.18227379198640709
    }
  },
  "decoder_variance": {
    "mAP": 0.18189192811167085,
    "AP50": 0.3020475478674377,
    "AP75": 0.1800948904405283,
    "AP_small": 0.07240383969233279,
    "AP_medium": 0.19801135030945102,
    "AP_large": 0.382385994781736,
    "per_class": {
      "person": 0.18189192811167085,
      "rider": 0.18189192811167085,
      "car": 0.18189192811167085,
      "truck": 0.18189192811167085,
      "bus": 0.18189192811167085,
      "train": 0.18189192811167085,
      "motorcycle": 0.18189192811167085,
      "bicycle": 0.18189192811167085,
      "traffic light": 0.18189192811167085,
      "traffic sign": 0.18189192811167085
    }
  },
  "decoder_variance_ts": {
    "mAP": 0.18189192811167085,
    "AP50": 0.3020475478674377,
    "AP75": 0.1800948904405283,
    "AP_small": 0.07240383969233279,
    "AP_medium": 0.19801135030945102,
    "AP_large": 0.382385994781736,
    "per_class": {
      "person": 0.18189192811167085,
      "rider": 0.18189192811167085,
      "car": 0.18189192811167085,
      "truck": 0.18189192811167085,
      "bus": 0.18189192811167085,
      "train": 0.18189192811167085,
      "motorcycle": 0.18189192811167085,
      "bicycle": 0.18189192811167085,
      "traffic light": 0.18189192811167085,
      "traffic sign": 0.18189192811167085
    }
  }
}