{
  "timestamp": "2025-11-17T18:58:46.561293",
  "config": {
    "seed": 42,
    "device": "cuda",
    "categories": [
      "person",
      "rider",
      "car",
      "truck",
      "bus",
      "train",
      "motorcycle",
      "bicycle",
      "traffic light",
      "traffic sign"
    ],
    "iou_matching": 0.5,
    "conf_threshold": 0.25,
    "nms_threshold": 0.65,
    "K_mc": 5,
    "n_bins": 10
  },
  "detection_metrics": {
    "baseline": {
      "mAP": 0.1704813675236083,
      "AP50": 0.2785354731128005,
      "AP75": 0.17054177911824953,
      "AP_small": 0.06326781089509566,
      "AP_medium": 0.182117704300831,
      "AP_large": 0.3770055334283329,
      "per_class": {
        "person": 0.1704813675236083,
        "rider": 0.1704813675236083,
        "car": 0.1704813675236083,
        "truck": 0.1704813675236083,
        "bus": 0.1704813675236083,
        "train": 0.1704813675236083,
        "motorcycle": 0.1704813675236083,
        "bicycle": 0.1704813675236083,
        "traffic light": 0.1704813675236083,
        "traffic sign": 0.1704813675236083
      }
    },
    "baseline_ts": {
      "mAP": 0.1704813675236083,
      "AP50": 0.2785354731128005,
      "AP75": 0.17054177911824953,
      "AP_small": 0.06326781089509566,
      "AP_medium": 0.182117704300831,
      "AP_large": 0.3770055334283329,
      "per_class": {
        "person": 0.1704813675236083,
        "rider": 0.1704813675236083,
        "car": 0.1704813675236083,
        "truck": 0.1704813675236083,
        "bus": 0.1704813675236083,
        "train": 0.1704813675236083,
        "motorcycle": 0.1704813675236083,
        "bicycle": 0.1704813675236083,
        "traffic light": 0.1704813675236083,
        "traffic sign": 0.1704813675236083
      }
    },
    "mc_dropout": {
      "mAP": 0.18227379198640709,
      "AP50": 0.3023122927954965,
      "AP75": 0.18111298581211757,
      "AP_small": 0.07243709648195502,
      "AP_medium": 0.19857097300485202,
      "AP_large": 0.38227064891878004,
      "per_class": {
        "person": 0.18227379198640709,
        "rider": 0.18227379198640709,
        "car": 0.18227379198640709,
        "truck": 0.18227379198640709,
        "bus": 0.18227379198640709,
        "train": 0.18227379198640709,
        "motorcycle": 0.18227379198640709,
        "bicycle": 0.18227379198640709,
        "traffic light": 0.18227379198640709,
        "traffic sign": 0.18227379198640709
      }
    },
    "mc_dropout_ts": {
      "mAP": 0.18227379198640709,
      "AP50": 0.3023122927954965,
      "AP75": 0.18111298581211757,
      "AP_small": 0.07243709648195502,
      "AP_medium": 0.19857097300485202,
      "AP_large": 0.38227064891878004,
      "per_class": {
        "person": 0.18227379198640709,
        "rider": 0.18227379198640709,
        "car": 0.18227379198640709,
        "truck": 0.18227379198640709,
        "bus": 0.18227379198640709,
        "train": 0.18227379198640709,
        "motorcycle": 0.18227379198640709,
        "bicycle": 0.18227379198640709,
        "traffic light": 0.18227379198640709,
        "traffic sign": 0.18227379198640709
      }
    },
    "decoder_variance": {
      "mAP": 0.18189192811167085,
      "AP50": 0.3020475478674377,
      "AP75": 0.1800948904405283,
      "AP_small": 0.07240383969233279,
      "AP_medium": 0.19801135030945102,
      "AP_large": 0.382385994781736,
      "per_class": {
        "person": 0.18189192811167085,
        "rider": 0.18189192811167085,
        "car": 0.18189192811167085,
        "truck": 0.18189192811167085,
        "bus": 0.18189192811167085,
        "train": 0.18189192811167085,
        "motorcycle": 0.18189192811167085,
        "bicycle": 0.18189192811167085,
        "traffic light": 0.18189192811167085,
        "traffic sign": 0.18189192811167085
      }
    },
    "decoder_variance_ts": {
      "mAP": 0.18189192811167085,
      "AP50": 0.3020475478674377,
      "AP75": 0.1800948904405283,
      "AP_small": 0.07240383969233279,
      "AP_medium": 0.19801135030945102,
      "AP_large": 0.382385994781736,
      "per_class": {
        "person": 0.18189192811167085,
        "rider": 0.18189192811167085,
        "car": 0.18189192811167085,
        "truck": 0.18189192811167085,
        "bus": 0.18189192811167085,
        "train": 0.18189192811167085,
        "motorcycle": 0.18189192811167085,
        "bicycle": 0.18189192811167085,
        "traffic light": 0.18189192811167085,
        "traffic sign": 0.18189192811167085
      }
    }
  },
  "calibration_metrics": {
    "baseline": {
      "NLL": 0.7180323010657486,
      "Brier": 0.26184410673319364,
      "ECE": 0.24096997585116434
    },
    "baseline_ts": {
      "NLL": 0.6930136414063585,
      "Brier": 0.2499351310693523,
      "ECE": 0.18683288767421288
    },
    "mc_dropout": {
      "NLL": 0.706870317474696,
      "Brier": 0.2560999103393766,
      "ECE": 0.20342878492021285
    },
    "mc_dropout_ts": {
      "NLL": 1.0070165224429375,
      "Brier": 0.3365118099810276,
      "ECE": 0.34281371471532285
    },
    "decoder_variance": {
      "NLL": 0.709267216935891,
      "Brier": 0.25722080627319543,
      "ECE": 0.20647283115801396
    },
    "decoder_variance_ts": {
      "NLL": 0.6862609652144775,
      "Brier": 0.24659380122227761,
      "ECE": 0.14093455453638645
    }
  },
  "temperatures": {
    "mc_dropout": {
      "T": 0.31922807359230154,
      "nll_before": 0.5122834659280332,
      "nll_after": 0.40012041876675436,
      "source": "calculated"
    },
    "decoder_variance": {
      "T": 2.6534102522148975,
      "nll_before": 0.7061433904300018,
      "nll_after": 0.6849814303147608,
      "source": "calculated"
    },
    "baseline": {
      "T": 4.212759644630535,
      "nll_before": 0.7106776149910237,
      "nll_after": 0.6912168062806966,
      "source": "calculated"
    }
  },
  "risk_coverage_auc": {
    "mc_dropout": 0.5245083258730672,
    "mc_dropout_ts": 0.5245083258730672,
    "decoder_variance": 0.4101403544154426,
    "decoder_variance_ts": 0.4101403544154426
  },
  "uncertainty_auroc": {
    "mc_dropout": {
      "auroc": 0.6334619110364594,
      "mean_unc_tp": 6.1003608914073764e-05,
      "mean_unc_fp": 0.00012632143518545097,
      "n_tp": 13317,
      "n_fp": 9210
    },
    "mc_dropout_ts": {
      "auroc": 0.6334619110364594,
      "mean_unc_tp": 6.1003608914073764e-05,
      "mean_unc_fp": 0.00012632143518545097,
      "n_tp": 13317,
      "n_fp": 9210
    },
    "decoder_variance": {
      "auroc": 0.5,
      "mean_unc_tp": 0.0,
      "mean_unc_fp": 0.0,
      "n_tp": 13508,
      "n_fp": 9285
    },
    "decoder_variance_ts": {
      "auroc": 0.5,
      "mean_unc_tp": 0.0,
      "mean_unc_fp": 0.0,
      "n_tp": 13508,
      "n_fp": 9285
    }
  }
}