{
  "timestamp": "2025-11-16T17:31:14.682753",
  "config": {
    "seed": 42,
    "device": "cuda",
    "categories": [
      "person",
      "rider",
      "car",
      "truck",
      "bus",
      "train",
      "motorcycle",
      "bicycle",
      "traffic light",
      "traffic sign"
    ],
    "iou_matching": 0.5,
    "conf_threshold": 0.25,
    "nms_threshold": 0.65,
    "K_mc": 5,
    "n_bins": 10
  },
  "detection_metrics": {
    "baseline": {
      "mAP": 0.1704813675236083,
      "AP50": 0.2785354731128005,
      "AP75": 0.17054177911824953,
      "AP_small": 0.06326781089509566,
      "AP_medium": 0.182117704300831,
      "AP_large": 0.3770055334283329,
      "per_class": {
        "person": 0.1704813675236083,
        "rider": 0.1704813675236083,
        "car": 0.1704813675236083,
        "truck": 0.1704813675236083,
        "bus": 0.1704813675236083,
        "train": 0.1704813675236083,
        "motorcycle": 0.1704813675236083,
        "bicycle": 0.1704813675236083,
        "traffic light": 0.1704813675236083,
        "traffic sign": 0.1704813675236083
      }
    },
    "baseline_ts": {
      "mAP": 0.1704813675236083,
      "AP50": 0.2785354731128005,
      "AP75": 0.17054177911824953,
      "AP_small": 0.06326781089509566,
      "AP_medium": 0.182117704300831,
      "AP_large": 0.3770055334283329,
      "per_class": {
        "person": 0.1704813675236083,
        "rider": 0.1704813675236083,
        "car": 0.1704813675236083,
        "truck": 0.1704813675236083,
        "bus": 0.1704813675236083,
        "train": 0.1704813675236083,
        "motorcycle": 0.1704813675236083,
        "bicycle": 0.1704813675236083,
        "traffic light": 0.1704813675236083,
        "traffic sign": 0.1704813675236083
      }
    },
    "mc_dropout": {
      "mAP": 0.18227379198640709,
      "AP50": 0.3023122927954965,
      "AP75": 0.18111298581211757,
      "AP_small": 0.07243709648195502,
      "AP_medium": 0.19857097300485202,
      "AP_large": 0.38227064891878004,
      "per_class": {
        "person": 0.18227379198640709,
        "rider": 0.18227379198640709,
        "car": 0.18227379198640709,
        "truck": 0.18227379198640709,
        "bus": 0.18227379198640709,
        "train": 0.18227379198640709,
        "motorcycle": 0.18227379198640709,
        "bicycle": 0.18227379198640709,
        "traffic light": 0.18227379198640709,
        "traffic sign": 0.18227379198640709
      }
    },
    "mc_dropout_ts": {
      "mAP": 0.18227379198640709,
      "AP50": 0.3023122927954965,
      "AP75": 0.18111298581211757,
      "AP_small": 0.07243709648195502,
      "AP_medium": 0.19857097300485202,
      "AP_large": 0.38227064891878004,
      "per_class": {
        "person": 0.18227379198640709,
        "rider": 0.18227379198640709,
        "car": 0.18227379198640709,
        "truck": 0.18227379198640709,
        "bus": 0.18227379198640709,
        "train": 0.18227379198640709,
        "motorcycle": 0.18227379198640709,
        "bicycle": 0.18227379198640709,
        "traffic light": 0.18227379198640709,
        "traffic sign": 0.18227379198640709
      }
    },
    "decoder_variance": {
      "mAP": 0.18189192811167085,
      "AP50": 0.3020475478674377,
      "AP75": 0.1800948904405283,
      "AP_small": 0.07240383969233279,
      "AP_medium": 0.19801135030945102,
      "AP_large": 0.382385994781736,
      "per_class": {
        "person": 0.18189192811167085,
        "rider": 0.18189192811167085,
        "car": 0.18189192811167085,
        "truck": 0.18189192811167085,
        "bus": 0.18189192811167085,
        "train": 0.18189192811167085,
        "motorcycle": 0.18189192811167085,
        "bicycle": 0.18189192811167085,
        "traffic light": 0.18189192811167085,
        "traffic sign": 0.18189192811167085
      }
    },
    "decoder_variance_ts": {
      "mAP": 0.18189192811167085,
      "AP50": 0.3020475478674377,
      "AP75": 0.1800948904405283,
      "AP_small": 0.07240383969233279,
      "AP_medium": 0.19801135030945102,
      "AP_large": 0.382385994781736,
      "per_class": {
        "person": 0.18189192811167085,
        "rider": 0.18189192811167085,
        "car": 0.18189192811167085,
        "truck": 0.18189192811167085,
        "bus": 0.18189192811167085,
        "train": 0.18189192811167085,
        "motorcycle": 0.18189192811167085,
        "bicycle": 0.18189192811167085,
        "traffic light": 0.18189192811167085,
        "traffic sign": 0.18189192811167085
      }
    }
  },
  "calibration_metrics": {
    "baseline": {
      "NLL": 0.7162228911243673,
      "Brier": 0.2609820962986027,
      "ECE": 0.23653674207093361
    },
    "baseline_ts": {
      "NLL": 0.6938595209367603,
      "Brier": 0.2503588297898758,
      "ECE": 0.19171823607346597
    },
    "mc_dropout": {
      "NLL": 0.7081269389085267,
      "Brier": 0.2566726367719661,
      "ECE": 0.20346752063675727
    },
    "mc_dropout_ts": {
      "NLL": 0.6858025464298418,
      "Brier": 0.2463640789540964,
      "ECE": 0.1332467762886213
    },
    "decoder_variance": {
      "NLL": 0.7084974662598219,
      "Brier": 0.25684606414856354,
      "ECE": 0.20375093310856598
    },
    "decoder_variance_ts": {
      "NLL": 0.6859252016455301,
      "Brier": 0.24642496359781957,
      "ECE": 0.1334798758237121
    }
  },
  "temperatures": {
    "mc_dropout": {
      "T": 2.7357694840134896,
      "nll_before": 0.7071922717094092,
      "nll_after": 0.6855993355321166,
      "source": "calculated"
    },
    "decoder_variance": {
      "T": 2.7357694840134896,
      "nll_before": 0.7071922717094092,
      "nll_after": 0.6855993355321166,
      "source": "calculated"
    },
    "baseline": {
      "T": 2.7357694840134896,
      "nll_before": 0.7071922717094092,
      "nll_after": 0.6855993355321166,
      "source": "calculated"
    }
  },
  "risk_coverage_auc": {
    "mc_dropout": 0.4094578291663907,
    "mc_dropout_ts": 0.4094578291663907,
    "decoder_variance": 0.40978062898417006,
    "decoder_variance_ts": 0.40978062898417006
  },
  "uncertainty_auroc": {
    "mc_dropout": {
      "auroc": 0.5,
      "mean_unc_tp": 0.0,
      "mean_unc_fp": 0.0,
      "n_tp": 17828,
      "n_fp": 12401
    },
    "mc_dropout_ts": {
      "auroc": 0.5,
      "mean_unc_tp": 0.0,
      "mean_unc_fp": 0.0,
      "n_tp": 17828,
      "n_fp": 12401
    },
    "decoder_variance": {
      "auroc": 0.5,
      "mean_unc_tp": 0.0,
      "mean_unc_fp": 0.0,
      "n_tp": 17844,
      "n_fp": 12402
    },
    "decoder_variance_ts": {
      "auroc": 0.5,
      "mean_unc_tp": 0.0,
      "mean_unc_fp": 0.0,
      "n_tp": 17844,
      "n_fp": 12402
    }
  }
}