{
  "mc_dropout": 0.4094578291663907,
  "mc_dropout_ts": 0.4094578291663907,
  "decoder_variance": 0.40978062898417006,
  "decoder_variance_ts": 0.40978062898417006
}