{
  "mc_dropout": 0.5245083258730672,
  "mc_dropout_ts": 0.5245083258730672,
  "decoder_variance": 0.4101403544154426,
  "decoder_variance_ts": 0.4101403544154426
}