{
  "mc_dropout": {
    "T": 0.31922807359230154,
    "nll_before": 0.5122834659280332,
    "nll_after": 0.40012041876675436,
    "source": "calculated"
  },
  "decoder_variance": {
    "T": 2.6534102522148975,
    "nll_before": 0.7061433904300018,
    "nll_after": 0.6849814303147608,
    "source": "calculated"
  },
  "baseline": {
    "T": 4.212759644630535,
    "nll_before": 0.7106776149910237,
    "nll_after": 0.6912168062806966,
    "source": "calculated"
  }
}