{
  "mc_dropout": {
    "ECE": 0.2003516870579267,
    "AUROC": 0.632491563276381,
    "AURC": 0.35193769036980427
  },
  "decoder_variance": {
    "ECE": 0.20647283115801396,
    "AUROC": 0.30404191361340904,
    "AURC": 0.5432661967702109
  },
  "late_fusion": {
    "ECE": 0.2003516870579267,
    "AUROC": 0.328971272187324,
    "AURC": 0.5296644833584365
  }
}