{
  "mc_dropout": {
    "ECE": 0.2003516870579267,
    "AUROC": 0.632491563276381,
    "AURC": 0.35193769036980427
  },
  "decoder_variance": {
    "ECE": 0.20647283115801396,
    "AUROC": 0.7191762507277444,
    "AURC": 0.2503696622464743
  },
  "late_fusion": {
    "ECE": 0.2003516870579267,
    "AUROC": 0.6325052648544331,
    "AURC": 0.3519340866009586
  }
}