Method,LAECE ↓,mAP75 (%)
Baseline,0.3691759158003237,17.05417791182495
+ TS,0.42280953500353746,17.05417791182495
+ Score–IoU Fusion,0.2531507103852533,11.911762702175318
