{
  "temperature": 1.8167593144062961,
  "alpha": 0.1,
  "beta": 0.6773003327662245,
  "n_detections": 8222,
  "n_tp": 4572,
  "n_fp": 3650
}