Scoring rule,"Spearman ρ(score, IoU) ↑",Kendall τ ↑,ECE-IoU ↓
Raw score,0.4396424500335503,0.30896181881663853,0.0900069546333125
Temp-scaled (cls only),0.4396424500335503,0.30896181881663853,0.10193268183443792
Joint calibrated (cls+loc),0.9712767354861364,0.8970149636196127,0.03880155708239571
