coverage,n_retained,n_fp,n_tp,risk,method
100,16724,-27918,11194,-1.6693374790719924,Baseline
80,13379,-23003,9624,-1.7193362732640705,Baseline
60,10034,-17759,7725,-1.7698823998405422,Baseline
100,22527,-35844,13317,-1.5911572779331469,Fused
80,18021,-29891,11870,-1.6586759891238,Fused
60,13516,-23379,9863,-1.7297277300976621,Fused
