coverage,n_retained,n_fp,n_tp,risk,method
100,16724,5530,11194,0.33066252092800763,Baseline
80,13379,3755,9624,0.28066372673592943,Baseline
60,10034,2309,7725,0.23011760015945784,Baseline
100,22527,9210,13317,0.4088427220668531,Fused
80,18021,6146,11875,0.34104655679485046,Fused
60,13516,3678,9838,0.27212192956496006,Fused
