{
  "Raw Confidence": {
    "pearson_r": 0.12261365393809355,
    "pearson_p": 4.950502978193978e-57,
    "spearman_rho": 0.11389695064551995,
    "spearman_p": 2.082814149039504e-49
  },
  "Temperature Scaling": {
    "pearson_r": 0.12232981668056712,
    "pearson_p": 8.952485860525977e-57,
    "spearman_rho": 0.11389695064551995,
    "spearman_p": 2.082814149039504e-49
  },
  "Score\u2013IoU Fusion": {
    "pearson_r": 0.8434792991015938,
    "pearson_p": 0.0,
    "spearman_rho": 0.42540814095768725,
    "spearman_p": 0.0
  }
}