{
  "correlation_metrics": {
    "Raw Confidence": {
      "pearson_r": 0.12261365393809355,
      "pearson_p": 4.950502978193978e-57,
      "spearman_rho": 0.11389695064551995,
      "spearman_p": 2.082814149039504e-49
    },
    "Temperature Scaling": {
      "pearson_r": 0.12232981668056712,
      "pearson_p": 8.952485860525977e-57,
      "spearman_rho": 0.11389695064551995,
      "spearman_p": 2.082814149039504e-49
    },
    "Score\u2013IoU Fusion": {
      "pearson_r": 0.8434792991015938,
      "pearson_p": 0.0,
      "spearman_rho": 0.42540814095768725,
      "spearman_p": 0.0
    }
  },
  "laece_metrics": {
    "Baseline": 0.3691759158003237,
    "+ TS": 0.42280953500353746,
    "+ Score\u2013IoU Fusion": 0.2531507103852533
  },
  "map75_metrics": {
    "Baseline": 0.17054177911824953,
    "+ TS": 0.17054177911824953,
    "+ Score\u2013IoU Fusion": 0.11911762702175319
  },
  "ranking_stability": {
    "Raw Confidence": {
      "spearman": 0.10726932661044185,
      "mean_diff": 514.925
    },
    "Temperature Scaling": {
      "spearman": 0.10726932661044185,
      "mean_diff": 514.925
    },
    "Score\u2013IoU Fusion": {
      "spearman": 0.4193425063296199,
      "mean_diff": 439.676
    }
  },
  "improvements": {
    "correlation_pearson": 0.7208656451635003,
    "laece_reduction_pct": 31.428162144202552,
    "map75_change": -5.1424152096496325
  }
}